#strcture_id,color(hex)
10153,f2f1f0
10154,f2f1f0
10155,f2f1f0
10156,f2f1f0
10157,f2f1f0
10506,f2f1f0
11580,f2f1f0
11581,f2f1f0
11587,f2f1f0
11582,f2f1f0
11585,f2f1f0
11586,f2f1f0
11583,f2f1f0
11584,f2f1f0
11593,f2f1f0
11594,f2f1f0
11597,f2f1f0
11595,f2f1f0
11596,f2f1f0
11598,f2f1f0
15498,f2f1f0
11599,f2f1f0
11600,f2f1f0
13202,f2f1f0
13206,f2f1f0
15499,f2f1f0
13203,f2f1f0
11601,f2f1f0
11602,f2f1f0
13204,f2f1f0
13205,f2f1f0
11603,f2f1f0
11604,f2f1f0
11605,f2f1f0
11606,f2f1f0
11588,f2f1f0
13201,f2f1f0
11589,f2f1f0
13200,f2f1f0
11590,f2f1f0
11591,f2f1f0
11592,f2f1f0
12971,f2f1f0
12972,f2f1f0
12973,f2f1f0
12966,f2f1f0
12967,f2f1f0
12968,f2f1f0
12969,f2f1f0
12970,f2f1f0
12974,f2f1f0
13213,f2f1f0
12979,f2f1f0
13214,f2f1f0
13273,f2f1f0
12975,f2f1f0
13212,f2f1f0
12976,f2f1f0
12977,f2f1f0
13211,f2f1f0
12978,f2f1f0
13210,f2f1f0
13274,f2f1f0
13275,f2f1f0
12980,f2f1f0
13276,f2f1f0
13207,f2f1f0
13208,f2f1f0
13209,f2f1f0
13277,f2f1f0
146034614,f2f1f0
10508,f2f1f0
10509,f2f1f0
11612,f2f1f0
11607,f2f1f0
11610,f2f1f0
11611,f2f1f0
11608,f2f1f0
11609,f2f1f0
10511,f2f1f0
11617,f2f1f0
11620,f2f1f0
11618,f2f1f0
11619,f2f1f0
10512,f2f1f0
15500,f2f1f0
11621,f2f1f0
11622,f2f1f0
13082,f2f1f0
13086,f2f1f0
15501,f2f1f0
13083,f2f1f0
11623,f2f1f0
11624,f2f1f0
13084,f2f1f0
13085,f2f1f0
11625,f2f1f0
11626,f2f1f0
11627,f2f1f0
11628,f2f1f0
10510,f2f1f0
13081,f2f1f0
11613,f2f1f0
13080,f2f1f0
11614,f2f1f0
11615,f2f1f0
11616,f2f1f0
11634,f2f1f0
11635,f2f1f0
11636,f2f1f0
11629,f2f1f0
11630,f2f1f0
11631,f2f1f0
11632,f2f1f0
11633,f2f1f0
10514,f2f1f0
11645,f2f1f0
11646,f2f1f0
11647,f2f1f0
13278,f2f1f0
11641,f2f1f0
13094,f2f1f0
11642,f2f1f0
11643,f2f1f0
13093,f2f1f0
11644,f2f1f0
11640,f2f1f0
13091,f2f1f0
13092,f2f1f0
11648,f2f1f0
13279,f2f1f0
10513,f2f1f0
11637,f2f1f0
13087,f2f1f0
13088,f2f1f0
11638,f2f1f0
13089,f2f1f0
13090,f2f1f0
11639,f2f1f0
146034618,f2f1f0
10515,f2f1f0
10516,f2f1f0
11664,f2f1f0
11665,f2f1f0
11666,f2f1f0
11649,f2f1f0
11650,f2f1f0
11651,f2f1f0
11658,f2f1f0
11659,f2f1f0
11660,f2f1f0
11661,f2f1f0
11662,f2f1f0
11663,f2f1f0
11652,f2f1f0
11653,f2f1f0
11654,f2f1f0
11655,f2f1f0
11656,f2f1f0
11657,f2f1f0
10518,f2f1f0
11679,f2f1f0
11680,f2f1f0
11681,f2f1f0
11688,f2f1f0
11689,f2f1f0
11690,f2f1f0
11682,f2f1f0
11683,f2f1f0
11684,f2f1f0
11685,f2f1f0
11686,f2f1f0
11687,f2f1f0
10519,f2f1f0
15502,f2f1f0
11691,f2f1f0
11692,f2f1f0
11693,f2f1f0
11694,f2f1f0
11695,f2f1f0
11696,f2f1f0
13097,f2f1f0
13105,f2f1f0
15503,f2f1f0
13098,f2f1f0
11697,f2f1f0
11698,f2f1f0
11699,f2f1f0
11700,f2f1f0
11701,f2f1f0
11702,f2f1f0
13099,f2f1f0
13100,f2f1f0
13101,f2f1f0
13102,f2f1f0
13103,f2f1f0
13104,f2f1f0
11703,f2f1f0
11704,f2f1f0
11705,f2f1f0
11706,f2f1f0
11707,f2f1f0
11708,f2f1f0
11709,f2f1f0
11710,f2f1f0
11711,f2f1f0
11712,f2f1f0
11713,f2f1f0
11714,f2f1f0
10517,f2f1f0
13096,f2f1f0
11667,f2f1f0
11668,f2f1f0
11669,f2f1f0
13095,f2f1f0
11670,f2f1f0
11671,f2f1f0
11672,f2f1f0
11673,f2f1f0
11674,f2f1f0
11675,f2f1f0
11676,f2f1f0
11677,f2f1f0
11678,f2f1f0
11728,f2f1f0
11729,f2f1f0
11730,f2f1f0
11731,f2f1f0
11732,f2f1f0
11733,f2f1f0
11734,f2f1f0
11715,f2f1f0
11716,f2f1f0
11717,f2f1f0
11718,f2f1f0
11719,f2f1f0
11720,f2f1f0
11721,f2f1f0
11722,f2f1f0
11723,f2f1f0
11724,f2f1f0
11725,f2f1f0
11726,f2f1f0
11727,f2f1f0
10521,f2f1f0
11746,f2f1f0
11747,f2f1f0
11748,f2f1f0
11749,f2f1f0
11750,f2f1f0
11751,f2f1f0
11752,f2f1f0
13280,f2f1f0
11742,f2f1f0
13109,f2f1f0
11743,f2f1f0
11744,f2f1f0
13108,f2f1f0
11745,f2f1f0
11741,f2f1f0
13106,f2f1f0
13107,f2f1f0
11753,f2f1f0
11754,f2f1f0
11755,f2f1f0
13281,f2f1f0
13282,f2f1f0
13283,f2f1f0
10520,f2f1f0
11735,f2f1f0
11736,f2f1f0
11737,f2f1f0
11738,f2f1f0
11739,f2f1f0
11740,f2f1f0
13284,f2f1f0
146034622,f2f1f0
10522,f2f1f0
10523,f2f1f0
11761,f2f1f0
11756,f2f1f0
11759,f2f1f0
11760,f2f1f0
11757,f2f1f0
11758,f2f1f0
10525,f2f1f0
11766,f2f1f0
11769,f2f1f0
11767,f2f1f0
11768,f2f1f0
10526,f2f1f0
15504,f2f1f0
11770,f2f1f0
11771,f2f1f0
13112,f2f1f0
13116,f2f1f0
15505,f2f1f0
13113,f2f1f0
11772,f2f1f0
11773,f2f1f0
13114,f2f1f0
13115,f2f1f0
11774,f2f1f0
11775,f2f1f0
11776,f2f1f0
11777,f2f1f0
10524,f2f1f0
13111,f2f1f0
11762,f2f1f0
13110,f2f1f0
11763,f2f1f0
11764,f2f1f0
11765,f2f1f0
11783,f2f1f0
11784,f2f1f0
11785,f2f1f0
11778,f2f1f0
11779,f2f1f0
11780,f2f1f0
11781,f2f1f0
11782,f2f1f0
10528,f2f1f0
11790,f2f1f0
13125,f2f1f0
13126,f2f1f0
13285,f2f1f0
11789,f2f1f0
13124,f2f1f0
13123,f2f1f0
11788,f2f1f0
13121,f2f1f0
13122,f2f1f0
11791,f2f1f0
13286,f2f1f0
10527,f2f1f0
11786,f2f1f0
13117,f2f1f0
13118,f2f1f0
11787,f2f1f0
13119,f2f1f0
13120,f2f1f0
13287,f2f1f0
10529,f2f1f0
10530,f2f1f0
11807,f2f1f0
11792,f2f1f0
11801,f2f1f0
11804,f2f1f0
11795,f2f1f0
11798,f2f1f0
10532,f2f1f0
11822,f2f1f0
11831,f2f1f0
11825,f2f1f0
11828,f2f1f0
10533,f2f1f0
15506,f2f1f0
11834,f2f1f0
11837,f2f1f0
13129,f2f1f0
13133,f2f1f0
15507,f2f1f0
13130,f2f1f0
11840,f2f1f0
11843,f2f1f0
13131,f2f1f0
13132,f2f1f0
11846,f2f1f0
11849,f2f1f0
11852,f2f1f0
11855,f2f1f0
10531,f2f1f0
13128,f2f1f0
11810,f2f1f0
13127,f2f1f0
11813,f2f1f0
11816,f2f1f0
11819,f2f1f0
11871,f2f1f0
11872,f2f1f0
11873,f2f1f0
11858,f2f1f0
11859,f2f1f0
11862,f2f1f0
11865,f2f1f0
11868,f2f1f0
10535,f2f1f0
11878,f2f1f0
13142,f2f1f0
13143,f2f1f0
11877,f2f1f0
13141,f2f1f0
13140,f2f1f0
11876,f2f1f0
13138,f2f1f0
13139,f2f1f0
11879,f2f1f0
10534,f2f1f0
11874,f2f1f0
13134,f2f1f0
13135,f2f1f0
11875,f2f1f0
13136,f2f1f0
13137,f2f1f0
10536,f2f1f0
10537,f2f1f0
11905,f2f1f0
11906,f2f1f0
11907,f2f1f0
11880,f2f1f0
11881,f2f1f0
11882,f2f1f0
11883,f2f1f0
11884,f2f1f0
11895,f2f1f0
11896,f2f1f0
11897,f2f1f0
11898,f2f1f0
11899,f2f1f0
11900,f2f1f0
11901,f2f1f0
11902,f2f1f0
11903,f2f1f0
11904,f2f1f0
11885,f2f1f0
11886,f2f1f0
11887,f2f1f0
11888,f2f1f0
11889,f2f1f0
11890,f2f1f0
11891,f2f1f0
11892,f2f1f0
11893,f2f1f0
11894,f2f1f0
10539,f2f1f0
11928,f2f1f0
11929,f2f1f0
11930,f2f1f0
11931,f2f1f0
11932,f2f1f0
11943,f2f1f0
11944,f2f1f0
11946,f2f1f0
11933,f2f1f0
11934,f2f1f0
11935,f2f1f0
11936,f2f1f0
11937,f2f1f0
11938,f2f1f0
11939,f2f1f0
11940,f2f1f0
11941,f2f1f0
11942,f2f1f0
10540,f2f1f0
15508,f2f1f0
11948,f2f1f0
11949,f2f1f0
11950,f2f1f0
11951,f2f1f0
11952,f2f1f0
11953,f2f1f0
11954,f2f1f0
11955,f2f1f0
11956,f2f1f0
11957,f2f1f0
13154,f2f1f0
13155,f2f1f0
13156,f2f1f0
13157,f2f1f0
13158,f2f1f0
13174,f2f1f0
13175,f2f1f0
13176,f2f1f0
13177,f2f1f0
13178,f2f1f0
15509,f2f1f0
13159,f2f1f0
13160,f2f1f0
13161,f2f1f0
13162,f2f1f0
13163,f2f1f0
11958,f2f1f0
11959,f2f1f0
11960,f2f1f0
11961,f2f1f0
11962,f2f1f0
11963,f2f1f0
13164,f2f1f0
13165,f2f1f0
13166,f2f1f0
13167,f2f1f0
13168,f2f1f0
13169,f2f1f0
13170,f2f1f0
13171,f2f1f0
13172,f2f1f0
13173,f2f1f0
11968,f2f1f0
11969,f2f1f0
11970,f2f1f0
11971,f2f1f0
11972,f2f1f0
11973,f2f1f0
11974,f2f1f0
11975,f2f1f0
11976,f2f1f0
11977,f2f1f0
11978,f2f1f0
11979,f2f1f0
11980,f2f1f0
11981,f2f1f0
11982,f2f1f0
11983,f2f1f0
10538,f2f1f0
13149,f2f1f0
13150,f2f1f0
13151,f2f1f0
13152,f2f1f0
13153,f2f1f0
11908,f2f1f0
11909,f2f1f0
11910,f2f1f0
11911,f2f1f0
11912,f2f1f0
13144,f2f1f0
11913,f2f1f0
11914,f2f1f0
11916,f2f1f0
11918,f2f1f0
11919,f2f1f0
11921,f2f1f0
11923,f2f1f0
11924,f2f1f0
11926,f2f1f0
13145,f2f1f0
13146,f2f1f0
13147,f2f1f0
13148,f2f1f0
11984,f2f1f0
11985,f2f1f0
11986,f2f1f0
11987,f2f1f0
13288,f2f1f0
10541,f2f1f0
15510,f2f1f0
10542,f2f1f0
10543,f2f1f0
11993,f2f1f0
11988,f2f1f0
11991,f2f1f0
13289,f2f1f0
13290,f2f1f0
11992,f2f1f0
11989,f2f1f0
11990,f2f1f0
13291,f2f1f0
13292,f2f1f0
10545,f2f1f0
11998,f2f1f0
13293,f2f1f0
13294,f2f1f0
12001,f2f1f0
11999,f2f1f0
12000,f2f1f0
13295,f2f1f0
13296,f2f1f0
10546,f2f1f0
15511,f2f1f0
12002,f2f1f0
12003,f2f1f0
13181,f2f1f0
13185,f2f1f0
15512,f2f1f0
13182,f2f1f0
12004,f2f1f0
13297,f2f1f0
13298,f2f1f0
12005,f2f1f0
13183,f2f1f0
13184,f2f1f0
13299,f2f1f0
13300,f2f1f0
12006,f2f1f0
13301,f2f1f0
13302,f2f1f0
12007,f2f1f0
12008,f2f1f0
12009,f2f1f0
10544,f2f1f0
13180,f2f1f0
11994,f2f1f0
13303,f2f1f0
13304,f2f1f0
13179,f2f1f0
11995,f2f1f0
11996,f2f1f0
11997,f2f1f0
12010,f2f1f0
12011,f2f1f0
12012,f2f1f0
12013,f2f1f0
12014,f2f1f0
10548,f2f1f0
12019,f2f1f0
13196,f2f1f0
13197,f2f1f0
13192,f2f1f0
13193,f2f1f0
12018,f2f1f0
13194,f2f1f0
13195,f2f1f0
12017,f2f1f0
13190,f2f1f0
13191,f2f1f0
12020,f2f1f0
10547,f2f1f0
12015,f2f1f0
13186,f2f1f0
13187,f2f1f0
12016,f2f1f0
13188,f2f1f0
13189,f2f1f0
10549,f2f1f0
13305,f2f1f0
10551,f2f1f0
13306,f2f1f0
13307,f2f1f0
13308,f2f1f0
10550,f2f1f0
13309,f2f1f0
13310,f2f1f0
10552,f2f1f0
13311,f2f1f0
13312,f2f1f0
13313,f2f1f0
13314,f2f1f0
10553,f2f1f0
10554,f2f1f0
10555,f2f1f0
10556,f2f1f0
13198,f2f1f0
13315,f2f1f0
13316,f2f1f0
13317,f2f1f0
13199,f2f1f0
13318,f2f1f0
13319,f2f1f0
13320,f2f1f0
13077,f2f1f0
13075,f2f1f0
13074,f2f1f0
13079,f2f1f0
13078,f2f1f0
10507,f2f1f0
13076,f2f1f0
146034626,f2f1f0
13321,f2f1f0
10158,f2f1f0
10159,f2f1f0
10160,f2f1f0
10161,f2f1f0
10172,f2f1f0
10190,f2f1f0
10191,f2f1f0
10895,f2f1f0
10896,f2f1f0
10897,f2f1f0
10898,f2f1f0
10899,f2f1f0
10900,f2f1f0
10192,f2f1f0
10901,f2f1f0
10902,f2f1f0
10903,f2f1f0
10904,f2f1f0
10905,f2f1f0
10906,f2f1f0
10193,f2f1f0
10907,f2f1f0
10908,f2f1f0
10909,f2f1f0
10910,f2f1f0
10911,f2f1f0
10912,f2f1f0
10173,f2f1f0
10174,f2f1f0
10175,f2f1f0
10821,f2f1f0
10822,f2f1f0
10823,f2f1f0
10824,f2f1f0
10825,f2f1f0
10826,f2f1f0
10176,f2f1f0
10827,f2f1f0
10828,f2f1f0
10829,f2f1f0
10830,f2f1f0
10831,f2f1f0
10832,f2f1f0
10177,f2f1f0
10833,f2f1f0
10834,f2f1f0
10835,f2f1f0
10836,f2f1f0
10837,f2f1f0
10838,f2f1f0
10178,f2f1f0
10179,f2f1f0
10839,f2f1f0
10840,f2f1f0
10841,f2f1f0
10842,f2f1f0
10843,f2f1f0
10844,f2f1f0
10180,f2f1f0
10845,f2f1f0
10846,f2f1f0
10847,f2f1f0
10848,f2f1f0
10849,f2f1f0
10850,f2f1f0
10181,f2f1f0
10182,f2f1f0
10851,f2f1f0
10852,f2f1f0
10853,f2f1f0
10854,f2f1f0
10855,f2f1f0
10856,f2f1f0
10183,f2f1f0
10857,f2f1f0
10858,f2f1f0
10859,f2f1f0
10860,f2f1f0
10861,f2f1f0
10862,f2f1f0
10184,f2f1f0
10863,f2f1f0
10864,f2f1f0
10865,f2f1f0
10866,f2f1f0
10867,f2f1f0
10868,f2f1f0
10869,f2f1f0
10870,f2f1f0
10871,f2f1f0
10872,f2f1f0
10873,f2f1f0
10874,f2f1f0
10875,f2f1f0
10876,f2f1f0
10185,f2f1f0
10186,f2f1f0
266441105,f2f1f0
266441109,f2f1f0
266441113,f2f1f0
266441117,f2f1f0
266441121,f2f1f0
266441125,f2f1f0
266441129,f2f1f0
266441133,f2f1f0
266441137,f2f1f0
266441141,f2f1f0
266441145,f2f1f0
266441149,f2f1f0
266441153,f2f1f0
266441157,f2f1f0
266441161,f2f1f0
266441165,f2f1f0
266441169,f2f1f0
266441173,f2f1f0
266441177,f2f1f0
266441181,f2f1f0
266441185,f2f1f0
10187,f2f1f0
10188,f2f1f0
10883,f2f1f0
10884,f2f1f0
10885,f2f1f0
10886,f2f1f0
10887,f2f1f0
10888,f2f1f0
10189,f2f1f0
10889,f2f1f0
10890,f2f1f0
10891,f2f1f0
10892,f2f1f0
10893,f2f1f0
10894,f2f1f0
266441189,f2f1f0
266441193,f2f1f0
266441197,f2f1f0
266441201,f2f1f0
266441205,f2f1f0
266441209,f2f1f0
266441213,f2f1f0
10194,f2f1f0
10195,f2f1f0
10196,f2f1f0
10738,f2f1f0
10739,f2f1f0
10740,f2f1f0
10741,f2f1f0
10742,f2f1f0
10743,f2f1f0
10197,f2f1f0
10744,f2f1f0
10745,f2f1f0
10746,f2f1f0
10747,f2f1f0
10748,f2f1f0
10749,f2f1f0
10198,f2f1f0
10199,f2f1f0
10200,f2f1f0
10750,f2f1f0
10751,f2f1f0
10752,f2f1f0
10753,f2f1f0
10754,f2f1f0
10755,f2f1f0
10201,f2f1f0
10756,f2f1f0
10757,f2f1f0
10758,f2f1f0
10759,f2f1f0
10760,f2f1f0
10761,f2f1f0
10202,f2f1f0
10203,f2f1f0
10762,f2f1f0
10763,f2f1f0
10764,f2f1f0
10765,f2f1f0
10766,f2f1f0
10767,f2f1f0
10204,f2f1f0
10768,f2f1f0
10769,f2f1f0
10770,f2f1f0
10771,f2f1f0
10772,f2f1f0
10773,f2f1f0
10205,f2f1f0
10206,f2f1f0
10774,f2f1f0
10775,f2f1f0
10776,f2f1f0
10777,f2f1f0
10778,f2f1f0
10779,f2f1f0
10207,f2f1f0
10780,f2f1f0
10781,f2f1f0
10782,f2f1f0
10783,f2f1f0
10784,f2f1f0
10785,f2f1f0
10162,f2f1f0
10163,f2f1f0
10164,f2f1f0
10786,f2f1f0
10787,f2f1f0
10788,f2f1f0
10789,f2f1f0
10790,f2f1f0
10165,f2f1f0
10791,f2f1f0
10792,f2f1f0
10793,f2f1f0
10794,f2f1f0
10795,f2f1f0
10166,f2f1f0
10796,f2f1f0
10797,f2f1f0
10798,f2f1f0
10799,f2f1f0
10800,f2f1f0
10167,f2f1f0
10801,f2f1f0
10802,f2f1f0
10803,f2f1f0
10804,f2f1f0
10805,f2f1f0
10168,f2f1f0
10169,f2f1f0
10806,f2f1f0
10807,f2f1f0
10808,f2f1f0
10809,f2f1f0
10810,f2f1f0
10170,f2f1f0
10811,f2f1f0
10812,f2f1f0
10813,f2f1f0
10814,f2f1f0
10815,f2f1f0
10171,f2f1f0
10816,f2f1f0
10817,f2f1f0
10818,f2f1f0
10819,f2f1f0
10820,f2f1f0
266441217,f2f1f0
266441221,f2f1f0
266441225,f2f1f0
266441229,f2f1f0
266441233,f2f1f0
266441237,f2f1f0
266441241,f2f1f0
10291,f2f1f0
10208,f2f1f0
10209,f2f1f0
10210,f2f1f0
10913,f2f1f0
10914,f2f1f0
10915,f2f1f0
10916,f2f1f0
10917,f2f1f0
10918,f2f1f0
10211,f2f1f0
10919,f2f1f0
10920,f2f1f0
10921,f2f1f0
10922,f2f1f0
10923,f2f1f0
10924,f2f1f0
10212,f2f1f0
10925,f2f1f0
10926,f2f1f0
10927,f2f1f0
10928,f2f1f0
10929,f2f1f0
10930,f2f1f0
10213,f2f1f0
10931,f2f1f0
10932,f2f1f0
10933,f2f1f0
10934,f2f1f0
10935,f2f1f0
10936,f2f1f0
13010,f2f1f0
10214,f2f1f0
10215,f2f1f0
10216,f2f1f0
10217,f2f1f0
10979,f2f1f0
10980,f2f1f0
10981,f2f1f0
10982,f2f1f0
10983,f2f1f0
10984,f2f1f0
10218,f2f1f0
10985,f2f1f0
10986,f2f1f0
10987,f2f1f0
10988,f2f1f0
10989,f2f1f0
10990,f2f1f0
10219,f2f1f0
10991,f2f1f0
10992,f2f1f0
10993,f2f1f0
10994,f2f1f0
10995,f2f1f0
10996,f2f1f0
10220,f2f1f0
10221,f2f1f0
10997,f2f1f0
10998,f2f1f0
10999,f2f1f0
11000,f2f1f0
11001,f2f1f0
11002,f2f1f0
10222,f2f1f0
11003,f2f1f0
11004,f2f1f0
11005,f2f1f0
11006,f2f1f0
11007,f2f1f0
11008,f2f1f0
10223,f2f1f0
11009,f2f1f0
11010,f2f1f0
11011,f2f1f0
11012,f2f1f0
11013,f2f1f0
11014,f2f1f0
10224,f2f1f0
11015,f2f1f0
11016,f2f1f0
11017,f2f1f0
11018,f2f1f0
11019,f2f1f0
11020,f2f1f0
267498979,f2f1f0
267498983,f2f1f0
267498987,f2f1f0
267498991,f2f1f0
267498995,f2f1f0
267498999,f2f1f0
267499003,f2f1f0
267499007,f2f1f0
267499011,f2f1f0
267499015,f2f1f0
267499019,f2f1f0
267499023,f2f1f0
267499027,f2f1f0
267499031,f2f1f0
267499035,f2f1f0
10225,f2f1f0
10226,f2f1f0
10227,f2f1f0
10937,f2f1f0
10938,f2f1f0
10939,f2f1f0
10940,f2f1f0
10941,f2f1f0
10942,f2f1f0
10228,f2f1f0
10943,f2f1f0
10944,f2f1f0
10945,f2f1f0
10946,f2f1f0
10947,f2f1f0
10948,f2f1f0
10231,f2f1f0
10961,f2f1f0
10962,f2f1f0
10963,f2f1f0
10964,f2f1f0
10965,f2f1f0
10966,f2f1f0
146034630,f2f1f0
146034634,f2f1f0
146034638,f2f1f0
146034642,f2f1f0
146034646,f2f1f0
146034650,f2f1f0
146034654,f2f1f0
146034658,f2f1f0
146034662,f2f1f0
146034666,f2f1f0
146034670,f2f1f0
146034674,f2f1f0
146034678,f2f1f0
146034682,f2f1f0
146034686,f2f1f0
10232,f2f1f0
10233,f2f1f0
10967,f2f1f0
10968,f2f1f0
10969,f2f1f0
10970,f2f1f0
10971,f2f1f0
10972,f2f1f0
10234,f2f1f0
10973,f2f1f0
10974,f2f1f0
10975,f2f1f0
10976,f2f1f0
10977,f2f1f0
10978,f2f1f0
13323,f2f1f0
10235,f2f1f0
13322,f2f1f0
10236,f2f1f0
10237,f2f1f0
11021,f2f1f0
11022,f2f1f0
11023,f2f1f0
11024,f2f1f0
11025,f2f1f0
11026,f2f1f0
10238,f2f1f0
11027,f2f1f0
11028,f2f1f0
11029,f2f1f0
11030,f2f1f0
11031,f2f1f0
11032,f2f1f0
10239,f2f1f0
11051,f2f1f0
11052,f2f1f0
11053,f2f1f0
11054,f2f1f0
11055,f2f1f0
11056,f2f1f0
10240,f2f1f0
10241,f2f1f0
11063,f2f1f0
11064,f2f1f0
11065,f2f1f0
11066,f2f1f0
11067,f2f1f0
11068,f2f1f0
10242,f2f1f0
11069,f2f1f0
11070,f2f1f0
11071,f2f1f0
11072,f2f1f0
11073,f2f1f0
11074,f2f1f0
10243,f2f1f0
11057,f2f1f0
11058,f2f1f0
11059,f2f1f0
11060,f2f1f0
11061,f2f1f0
11062,f2f1f0
10244,f2f1f0
10245,f2f1f0
11075,f2f1f0
11076,f2f1f0
11077,f2f1f0
11078,f2f1f0
11079,f2f1f0
11080,f2f1f0
10246,f2f1f0
11081,f2f1f0
11082,f2f1f0
11083,f2f1f0
11084,f2f1f0
11085,f2f1f0
11086,f2f1f0
10247,f2f1f0
11087,f2f1f0
11088,f2f1f0
11089,f2f1f0
11090,f2f1f0
11091,f2f1f0
11092,f2f1f0
10267,f2f1f0
11158,f2f1f0
11159,f2f1f0
11160,f2f1f0
11161,f2f1f0
11162,f2f1f0
11163,f2f1f0
13324,f2f1f0
10248,f2f1f0
10249,f2f1f0
11093,f2f1f0
11094,f2f1f0
11095,f2f1f0
11096,f2f1f0
11097,f2f1f0
11098,f2f1f0
10250,f2f1f0
11099,f2f1f0
11100,f2f1f0
11101,f2f1f0
11102,f2f1f0
11103,f2f1f0
11104,f2f1f0
10251,f2f1f0
11105,f2f1f0
11106,f2f1f0
11107,f2f1f0
11108,f2f1f0
11109,f2f1f0
11110,f2f1f0
10252,f2f1f0
10253,f2f1f0
11033,f2f1f0
11034,f2f1f0
11035,f2f1f0
11036,f2f1f0
11037,f2f1f0
11038,f2f1f0
10254,f2f1f0
11039,f2f1f0
11040,f2f1f0
11041,f2f1f0
11042,f2f1f0
11043,f2f1f0
11044,f2f1f0
10255,f2f1f0
11045,f2f1f0
11046,f2f1f0
11047,f2f1f0
11048,f2f1f0
11049,f2f1f0
11050,f2f1f0
10256,f2f1f0
10257,f2f1f0
10258,f2f1f0
11111,f2f1f0
11112,f2f1f0
11113,f2f1f0
11114,f2f1f0
11115,f2f1f0
11116,f2f1f0
10259,f2f1f0
11117,f2f1f0
11118,f2f1f0
11119,f2f1f0
11120,f2f1f0
11121,f2f1f0
11122,f2f1f0
10260,f2f1f0
11123,f2f1f0
11124,f2f1f0
11125,f2f1f0
11126,f2f1f0
11127,f2f1f0
11128,f2f1f0
10263,f2f1f0
10264,f2f1f0
11141,f2f1f0
11142,f2f1f0
11143,f2f1f0
11144,f2f1f0
11145,f2f1f0
10265,f2f1f0
11146,f2f1f0
11147,f2f1f0
11148,f2f1f0
11149,f2f1f0
11150,f2f1f0
11151,f2f1f0
10261,f2f1f0
11129,f2f1f0
11130,f2f1f0
11131,f2f1f0
11132,f2f1f0
11133,f2f1f0
11134,f2f1f0
10262,f2f1f0
11135,f2f1f0
11136,f2f1f0
11137,f2f1f0
11138,f2f1f0
11139,f2f1f0
11140,f2f1f0
10266,f2f1f0
11152,f2f1f0
11153,f2f1f0
11154,f2f1f0
11155,f2f1f0
11156,f2f1f0
11157,f2f1f0
267499039,f2f1f0
267499043,f2f1f0
267499047,f2f1f0
267499051,f2f1f0
267499055,f2f1f0
267499059,f2f1f0
267499063,f2f1f0
267499067,f2f1f0
267499071,f2f1f0
267499075,f2f1f0
267499079,f2f1f0
267499083,f2f1f0
267499087,f2f1f0
267499091,f2f1f0
10268,f2f1f0
13011,f2f1f0
13012,f2f1f0
13013,f2f1f0
13014,f2f1f0
13015,f2f1f0
13016,f2f1f0
13017,f2f1f0
10269,f2f1f0
11164,f2f1f0
11165,f2f1f0
11166,f2f1f0
11167,f2f1f0
11168,f2f1f0
11169,f2f1f0
11170,f2f1f0
11171,f2f1f0
11172,f2f1f0
11173,f2f1f0
11174,f2f1f0
10270,f2f1f0
146034690,f2f1f0
10271,f2f1f0
11175,f2f1f0
11176,f2f1f0
11177,f2f1f0
11178,f2f1f0
11179,f2f1f0
11180,f2f1f0
10272,f2f1f0
10273,f2f1f0
11181,f2f1f0
11182,f2f1f0
11183,f2f1f0
11184,f2f1f0
11185,f2f1f0
11186,f2f1f0
10274,f2f1f0
11187,f2f1f0
11188,f2f1f0
11189,f2f1f0
11190,f2f1f0
11191,f2f1f0
11192,f2f1f0
10275,f2f1f0
11193,f2f1f0
11194,f2f1f0
11195,f2f1f0
11196,f2f1f0
11197,f2f1f0
11198,f2f1f0
10276,f2f1f0
11199,f2f1f0
11200,f2f1f0
11201,f2f1f0
11202,f2f1f0
11203,f2f1f0
11204,f2f1f0
267499095,f2f1f0
267499099,f2f1f0
267499103,f2f1f0
267499107,f2f1f0
267499111,f2f1f0
267499115,f2f1f0
267499119,f2f1f0
267499123,f2f1f0
267499127,f2f1f0
267499131,f2f1f0
267499135,f2f1f0
267499139,f2f1f0
267499143,f2f1f0
267499147,f2f1f0
267499151,f2f1f0
267499155,f2f1f0
267499159,f2f1f0
267499163,f2f1f0
267499167,f2f1f0
267499171,f2f1f0
267499175,f2f1f0
267499179,f2f1f0
267499183,f2f1f0
267499187,f2f1f0
267499191,f2f1f0
267499195,f2f1f0
267499199,f2f1f0
267499203,f2f1f0
10288,f2f1f0
10289,f2f1f0
15513,f2f1f0
11253,f2f1f0
11254,f2f1f0
11255,f2f1f0
11256,f2f1f0
11257,f2f1f0
11258,f2f1f0
15514,f2f1f0
15515,f2f1f0
15516,f2f1f0
15517,f2f1f0
15518,f2f1f0
15519,f2f1f0
15520,f2f1f0
10290,f2f1f0
15521,f2f1f0
11259,f2f1f0
11260,f2f1f0
11261,f2f1f0
11262,f2f1f0
11263,f2f1f0
11264,f2f1f0
15522,f2f1f0
15523,f2f1f0
15524,f2f1f0
15525,f2f1f0
15526,f2f1f0
15527,f2f1f0
15528,f2f1f0
10277,f2f1f0
10278,f2f1f0
10279,f2f1f0
11212,f2f1f0
11213,f2f1f0
11214,f2f1f0
11215,f2f1f0
11216,f2f1f0
11217,f2f1f0
10280,f2f1f0
11218,f2f1f0
11219,f2f1f0
11220,f2f1f0
11221,f2f1f0
11222,f2f1f0
11223,f2f1f0
10281,f2f1f0
11224,f2f1f0
11225,f2f1f0
11226,f2f1f0
11227,f2f1f0
11228,f2f1f0
10282,f2f1f0
10283,f2f1f0
11229,f2f1f0
11230,f2f1f0
11231,f2f1f0
11232,f2f1f0
11233,f2f1f0
11234,f2f1f0
10284,f2f1f0
11235,f2f1f0
11236,f2f1f0
11237,f2f1f0
11238,f2f1f0
11239,f2f1f0
11240,f2f1f0
10285,f2f1f0
10286,f2f1f0
11241,f2f1f0
11242,f2f1f0
11243,f2f1f0
11244,f2f1f0
11245,f2f1f0
11246,f2f1f0
10287,f2f1f0
11247,f2f1f0
11248,f2f1f0
11249,f2f1f0
11250,f2f1f0
11251,f2f1f0
11252,f2f1f0
10313,f2f1f0
10314,f2f1f0
10320,f2f1f0
10321,f2f1f0
11455,f2f1f0
11456,f2f1f0
11457,f2f1f0
11458,f2f1f0
11459,f2f1f0
11460,f2f1f0
11461,f2f1f0
11462,f2f1f0
10322,f2f1f0
11463,f2f1f0
11464,f2f1f0
11465,f2f1f0
11466,f2f1f0
11467,f2f1f0
11468,f2f1f0
11469,f2f1f0
11470,f2f1f0
10317,f2f1f0
10318,f2f1f0
11371,f2f1f0
11373,f2f1f0
11372,f2f1f0
11374,f2f1f0
11375,f2f1f0
11376,f2f1f0
11377,f2f1f0
13020,f2f1f0
11378,f2f1f0
11379,f2f1f0
11380,f2f1f0
11381,f2f1f0
11383,f2f1f0
11382,f2f1f0
11384,f2f1f0
11385,f2f1f0
11386,f2f1f0
11387,f2f1f0
13021,f2f1f0
11388,f2f1f0
11389,f2f1f0
11390,f2f1f0
11391,f2f1f0
11393,f2f1f0
11392,f2f1f0
11394,f2f1f0
11395,f2f1f0
11396,f2f1f0
11397,f2f1f0
13022,f2f1f0
11398,f2f1f0
11399,f2f1f0
11400,f2f1f0
11401,f2f1f0
11403,f2f1f0
11402,f2f1f0
11404,f2f1f0
11405,f2f1f0
11406,f2f1f0
11407,f2f1f0
11408,f2f1f0
11409,f2f1f0
11410,f2f1f0
11411,f2f1f0
10319,f2f1f0
11412,f2f1f0
11414,f2f1f0
11413,f2f1f0
11415,f2f1f0
11416,f2f1f0
11417,f2f1f0
11418,f2f1f0
11419,f2f1f0
11420,f2f1f0
11421,f2f1f0
11422,f2f1f0
11423,f2f1f0
11425,f2f1f0
11424,f2f1f0
11426,f2f1f0
11427,f2f1f0
11428,f2f1f0
11429,f2f1f0
11430,f2f1f0
11431,f2f1f0
11432,f2f1f0
11433,f2f1f0
11434,f2f1f0
11436,f2f1f0
11435,f2f1f0
11437,f2f1f0
11438,f2f1f0
11439,f2f1f0
11440,f2f1f0
11441,f2f1f0
11442,f2f1f0
11443,f2f1f0
11444,f2f1f0
11445,f2f1f0
11447,f2f1f0
11446,f2f1f0
11448,f2f1f0
11449,f2f1f0
11450,f2f1f0
11451,f2f1f0
13023,f2f1f0
11452,f2f1f0
11453,f2f1f0
11454,f2f1f0
10316,f2f1f0
11359,f2f1f0
11360,f2f1f0
11361,f2f1f0
11362,f2f1f0
13018,f2f1f0
11365,f2f1f0
11366,f2f1f0
11367,f2f1f0
11368,f2f1f0
13019,f2f1f0
10315,f2f1f0
11341,f2f1f0
11343,f2f1f0
11342,f2f1f0
11344,f2f1f0
11345,f2f1f0
11346,f2f1f0
11347,f2f1f0
11348,f2f1f0
11349,f2f1f0
11350,f2f1f0
11352,f2f1f0
11351,f2f1f0
11353,f2f1f0
11354,f2f1f0
11355,f2f1f0
11356,f2f1f0
11357,f2f1f0
11358,f2f1f0
10324,f2f1f0
10325,f2f1f0
11476,f2f1f0
11477,f2f1f0
11478,f2f1f0
13024,f2f1f0
10326,f2f1f0
11481,f2f1f0
11482,f2f1f0
11483,f2f1f0
11484,f2f1f0
11485,f2f1f0
10327,f2f1f0
10328,f2f1f0
11486,f2f1f0
11487,f2f1f0
11488,f2f1f0
11489,f2f1f0
11490,f2f1f0
10329,f2f1f0
11491,f2f1f0
11492,f2f1f0
11493,f2f1f0
11494,f2f1f0
11495,f2f1f0
10330,f2f1f0
11496,f2f1f0
11497,f2f1f0
11498,f2f1f0
11499,f2f1f0
11500,f2f1f0
10292,f2f1f0
10293,f2f1f0
10294,f2f1f0
10295,f2f1f0
266441247,f2f1f0
266441251,f2f1f0
266441255,f2f1f0
266441259,f2f1f0
266441263,f2f1f0
11265,f2f1f0
11266,f2f1f0
11267,f2f1f0
11268,f2f1f0
11269,f2f1f0
11270,f2f1f0
11271,f2f1f0
11272,f2f1f0
11273,f2f1f0
11274,f2f1f0
10296,f2f1f0
10297,f2f1f0
266441267,f2f1f0
266441271,f2f1f0
266441275,f2f1f0
266441279,f2f1f0
266441283,f2f1f0
266441287,f2f1f0
266441291,f2f1f0
11275,f2f1f0
11276,f2f1f0
266441295,f2f1f0
266441299,f2f1f0
11277,f2f1f0
11278,f2f1f0
11279,f2f1f0
11280,f2f1f0
11281,f2f1f0
266441303,f2f1f0
266441307,f2f1f0
11282,f2f1f0
11283,f2f1f0
11284,f2f1f0
10298,f2f1f0
266441311,f2f1f0
266441315,f2f1f0
266441319,f2f1f0
266441323,f2f1f0
266441327,f2f1f0
266441331,f2f1f0
266441335,f2f1f0
11285,f2f1f0
11286,f2f1f0
266441339,f2f1f0
266441343,f2f1f0
11287,f2f1f0
11288,f2f1f0
11289,f2f1f0
11290,f2f1f0
11291,f2f1f0
266441347,f2f1f0
266441351,f2f1f0
11292,f2f1f0
11293,f2f1f0
11294,f2f1f0
10299,f2f1f0
266441355,f2f1f0
266441359,f2f1f0
266441363,f2f1f0
266441367,f2f1f0
266441371,f2f1f0
266441375,f2f1f0
266441379,f2f1f0
266441383,f2f1f0
11295,f2f1f0
11296,f2f1f0
266441387,f2f1f0
266441391,f2f1f0
11297,f2f1f0
11298,f2f1f0
11299,f2f1f0
11300,f2f1f0
11301,f2f1f0
11302,f2f1f0
266441395,f2f1f0
266441399,f2f1f0
11303,f2f1f0
11304,f2f1f0
11305,f2f1f0
11306,f2f1f0
10300,f2f1f0
266441403,f2f1f0
11307,f2f1f0
11308,f2f1f0
10301,f2f1f0
10302,f2f1f0
266441407,f2f1f0
266441411,f2f1f0
266441415,f2f1f0
266441419,f2f1f0
11309,f2f1f0
11310,f2f1f0
11311,f2f1f0
11312,f2f1f0
11313,f2f1f0
11314,f2f1f0
11315,f2f1f0
11316,f2f1f0
10303,f2f1f0
266441423,f2f1f0
266441427,f2f1f0
266441431,f2f1f0
266441435,f2f1f0
11317,f2f1f0
11318,f2f1f0
11319,f2f1f0
11320,f2f1f0
11321,f2f1f0
11322,f2f1f0
11323,f2f1f0
11324,f2f1f0
11325,f2f1f0
13326,f2f1f0
13327,f2f1f0
15529,f2f1f0
10304,f2f1f0
13328,f2f1f0
13329,f2f1f0
15530,f2f1f0
10305,f2f1f0
15531,f2f1f0
15532,f2f1f0
15533,f2f1f0
10306,f2f1f0
10307,f2f1f0
11326,f2f1f0
11327,f2f1f0
11328,f2f1f0
11329,f2f1f0
11330,f2f1f0
11331,f2f1f0
10308,f2f1f0
10309,f2f1f0
10310,f2f1f0
11332,f2f1f0
11333,f2f1f0
11334,f2f1f0
146034694,f2f1f0
146034698,f2f1f0
146034702,f2f1f0
146034706,f2f1f0
266441439,f2f1f0
266441443,f2f1f0
10311,f2f1f0
11335,f2f1f0
11336,f2f1f0
11337,f2f1f0
10312,f2f1f0
11338,f2f1f0
11339,f2f1f0
11340,f2f1f0
10331,f2f1f0
10361,f2f1f0
10362,f2f1f0
146034710,f2f1f0
146034714,f2f1f0
10363,f2f1f0
10364,f2f1f0
11501,f2f1f0
11502,f2f1f0
10365,f2f1f0
11503,f2f1f0
11504,f2f1f0
11505,f2f1f0
11506,f2f1f0
10372,f2f1f0
10373,f2f1f0
10374,f2f1f0
11528,f2f1f0
11529,f2f1f0
13025,f2f1f0
10375,f2f1f0
146034718,f2f1f0
146034722,f2f1f0
13026,f2f1f0
10376,f2f1f0
11530,f2f1f0
11531,f2f1f0
11532,f2f1f0
11533,f2f1f0
13027,f2f1f0
10377,f2f1f0
146034726,f2f1f0
146034730,f2f1f0
13028,f2f1f0
10366,f2f1f0
10367,f2f1f0
11507,f2f1f0
11508,f2f1f0
11509,f2f1f0
11510,f2f1f0
11511,f2f1f0
11512,f2f1f0
11513,f2f1f0
11514,f2f1f0
11515,f2f1f0
146034734,f2f1f0
10368,f2f1f0
11516,f2f1f0
11517,f2f1f0
11518,f2f1f0
11519,f2f1f0
11520,f2f1f0
11521,f2f1f0
10369,f2f1f0
11522,f2f1f0
11523,f2f1f0
11524,f2f1f0
11525,f2f1f0
11526,f2f1f0
11527,f2f1f0
266441447,f2f1f0
266441451,f2f1f0
10370,f2f1f0
146034738,f2f1f0
10371,f2f1f0
10378,f2f1f0
266441457,f2f1f0
10379,f2f1f0
10380,f2f1f0
13035,f2f1f0
10381,f2f1f0
10382,f2f1f0
13036,f2f1f0
13330,f2f1f0
10383,f2f1f0
10384,f2f1f0
10385,f2f1f0
11555,f2f1f0
11556,f2f1f0
11557,f2f1f0
11559,f2f1f0
266441461,f2f1f0
10386,f2f1f0
11561,f2f1f0
11562,f2f1f0
11563,f2f1f0
266441465,f2f1f0
266441469,f2f1f0
11564,f2f1f0
266441473,f2f1f0
266441477,f2f1f0
266441481,f2f1f0
11565,f2f1f0
11566,f2f1f0
11567,f2f1f0
11568,f2f1f0
10387,f2f1f0
11569,f2f1f0
11570,f2f1f0
10388,f2f1f0
10332,f2f1f0
10333,f2f1f0
10334,f2f1f0
10335,f2f1f0
11534,f2f1f0
11535,f2f1f0
11536,f2f1f0
10336,f2f1f0
10337,f2f1f0
146034742,f2f1f0
146034746,f2f1f0
10338,f2f1f0
11537,f2f1f0
146034750,f2f1f0
11538,f2f1f0
11539,f2f1f0
11540,f2f1f0
11541,f2f1f0
146034754,f2f1f0
11542,f2f1f0
10339,f2f1f0
10340,f2f1f0
11543,f2f1f0
11544,f2f1f0
10341,f2f1f0
11545,f2f1f0
11546,f2f1f0
11547,f2f1f0
10342,f2f1f0
10343,f2f1f0
10344,f2f1f0
11548,f2f1f0
11549,f2f1f0
146034758,f2f1f0
10345,f2f1f0
10346,f2f1f0
10347,f2f1f0
10348,f2f1f0
146034762,f2f1f0
10349,f2f1f0
10350,f2f1f0
10351,f2f1f0
10352,f2f1f0
11550,f2f1f0
11551,f2f1f0
11552,f2f1f0
266441485,f2f1f0
13032,f2f1f0
266441491,f2f1f0
13029,f2f1f0
13030,f2f1f0
13031,f2f1f0
13033,f2f1f0
10353,f2f1f0
11553,f2f1f0
11554,f2f1f0
10354,f2f1f0
10355,f2f1f0
10356,f2f1f0
10357,f2f1f0
10358,f2f1f0
10359,f2f1f0
10360,f2f1f0
13034,f2f1f0
266441495,f2f1f0
266441499,f2f1f0
10389,f2f1f0
10390,f2f1f0
10391,f2f1f0
10392,f2f1f0
10393,f2f1f0
10394,f2f1f0
10395,f2f1f0
10396,f2f1f0
10397,f2f1f0
10398,f2f1f0
10399,f2f1f0
10400,f2f1f0
266441503,f2f1f0
266441507,f2f1f0
10401,f2f1f0
10402,f2f1f0
10403,f2f1f0
10404,f2f1f0
10406,f2f1f0
10407,f2f1f0
10408,f2f1f0
10409,f2f1f0
10410,f2f1f0
10411,f2f1f0
10412,f2f1f0
10413,f2f1f0
10414,f2f1f0
10415,f2f1f0
10416,f2f1f0
10417,f2f1f0
10418,f2f1f0
10419,f2f1f0
10420,f2f1f0
10421,f2f1f0
10422,f2f1f0
13037,f2f1f0
13038,f2f1f0
13039,f2f1f0
10423,f2f1f0
10424,f2f1f0
266441511,f2f1f0
266441515,f2f1f0
10425,f2f1f0
146034766,f2f1f0
10426,f2f1f0
13040,f2f1f0
10427,f2f1f0
10428,f2f1f0
10429,f2f1f0
10430,f2f1f0
10431,f2f1f0
11571,f2f1f0
11572,f2f1f0
10432,f2f1f0
11573,f2f1f0
11574,f2f1f0
11575,f2f1f0
11576,f2f1f0
13041,f2f1f0
266441519,f2f1f0
13042,f2f1f0
10434,f2f1f0
10435,f2f1f0
10436,f2f1f0
10437,f2f1f0
10438,f2f1f0
10439,f2f1f0
266441523,f2f1f0
10440,f2f1f0
10441,f2f1f0
13043,f2f1f0
13044,f2f1f0
10442,f2f1f0
10443,f2f1f0
10444,f2f1f0
266441527,f2f1f0
266441531,f2f1f0
266441535,f2f1f0
266441539,f2f1f0
10445,f2f1f0
10446,f2f1f0
13331,f2f1f0
10448,f2f1f0
10449,f2f1f0
13050,f2f1f0
13051,f2f1f0
10450,f2f1f0
13052,f2f1f0
13053,f2f1f0
13054,f2f1f0
15534,f2f1f0
13047,f2f1f0
13045,f2f1f0
10447,f2f1f0
13046,f2f1f0
13048,f2f1f0
13049,f2f1f0
10451,f2f1f0
10452,f2f1f0
10453,f2f1f0
10454,f2f1f0
10455,f2f1f0
10456,f2f1f0
10457,f2f1f0
10458,f2f1f0
10459,f2f1f0
10460,f2f1f0
10461,f2f1f0
10462,f2f1f0
10463,f2f1f0
13055,f2f1f0
13056,f2f1f0
13057,f2f1f0
13058,f2f1f0
10464,f2f1f0
13059,f2f1f0
13060,f2f1f0
10465,f2f1f0
10466,f2f1f0
13332,f2f1f0
13333,f2f1f0
13334,f2f1f0
10467,f2f1f0
10468,f2f1f0
10469,f2f1f0
266441543,f2f1f0
13061,f2f1f0
13062,f2f1f0
266441547,f2f1f0
10470,f2f1f0
10471,f2f1f0
10472,f2f1f0
13063,f2f1f0
10473,f2f1f0
10474,f2f1f0
10475,f2f1f0
266441551,f2f1f0
10476,f2f1f0
10477,f2f1f0
10478,f2f1f0
10479,f2f1f0
13064,f2f1f0
15535,f2f1f0
10480,f2f1f0
13065,f2f1f0
13066,f2f1f0
15536,f2f1f0
10481,f2f1f0
13067,f2f1f0
13068,f2f1f0
10482,f2f1f0
13069,f2f1f0
266441555,f2f1f0
10483,f2f1f0
10484,f2f1f0
266441559,f2f1f0
13335,f2f1f0
10485,f2f1f0
10486,f2f1f0
10487,f2f1f0
10488,f2f1f0
10489,f2f1f0
10490,f2f1f0
10491,f2f1f0
15537,f2f1f0
10492,f2f1f0
10493,f2f1f0
10494,f2f1f0
13070,f2f1f0
13337,f2f1f0
266441563,f2f1f0
13071,f2f1f0
13338,f2f1f0
13339,f2f1f0
13340,f2f1f0
10495,f2f1f0
10496,f2f1f0
10497,f2f1f0
10498,f2f1f0
10499,f2f1f0
10500,f2f1f0
10501,f2f1f0
11577,f2f1f0
10502,f2f1f0
10503,f2f1f0
10504,f2f1f0
11578,f2f1f0
13072,f2f1f0
13073,f2f1f0
10505,f2f1f0
11579,f2f1f0
10557,f2f1f0
10558,f2f1f0
10559,f2f1f0
10561,f2f1f0
10562,f2f1f0
10563,f2f1f0
12024,f2f1f0
10564,f2f1f0
266441567,f2f1f0
266441571,f2f1f0
266441575,f2f1f0
10565,f2f1f0
12025,f2f1f0
266441579,f2f1f0
12026,f2f1f0
12027,f2f1f0
10566,f2f1f0
10560,f2f1f0
12022,f2f1f0
12023,f2f1f0
12028,f2f1f0
10568,f2f1f0
10570,f2f1f0
12029,f2f1f0
266441583,f2f1f0
266441587,f2f1f0
10571,f2f1f0
266441591,f2f1f0
10569,f2f1f0
15538,f2f1f0
10572,f2f1f0
15539,f2f1f0
15540,f2f1f0
13215,f2f1f0
12030,f2f1f0
15541,f2f1f0
15542,f2f1f0
15543,f2f1f0
266441595,f2f1f0
12031,f2f1f0
12032,f2f1f0
12033,f2f1f0
12034,f2f1f0
12035,f2f1f0
12036,f2f1f0
10573,f2f1f0
12037,f2f1f0
12038,f2f1f0
10574,f2f1f0
10575,f2f1f0
10576,f2f1f0
10577,f2f1f0
266441599,f2f1f0
266441603,f2f1f0
10578,f2f1f0
10579,f2f1f0
12041,f2f1f0
10580,f2f1f0
12059,f2f1f0
10581,f2f1f0
10582,f2f1f0
12042,f2f1f0
12043,f2f1f0
10583,f2f1f0
12044,f2f1f0
12045,f2f1f0
10584,f2f1f0
12046,f2f1f0
12047,f2f1f0
12048,f2f1f0
12049,f2f1f0
12050,f2f1f0
12051,f2f1f0
12052,f2f1f0
12053,f2f1f0
12054,f2f1f0
12055,f2f1f0
12056,f2f1f0
12057,f2f1f0
12058,f2f1f0
12060,f2f1f0
12061,f2f1f0
12062,f2f1f0
12063,f2f1f0
12064,f2f1f0
10585,f2f1f0
266441609,f2f1f0
12065,f2f1f0
10586,f2f1f0
266441613,f2f1f0
10587,f2f1f0
12066,f2f1f0
266441617,f2f1f0
12067,f2f1f0
12068,f2f1f0
12069,f2f1f0
10588,f2f1f0
12070,f2f1f0
12071,f2f1f0
12073,f2f1f0
12074,f2f1f0
12075,f2f1f0
12076,f2f1f0
10644,f2f1f0
15544,f2f1f0
266441621,f2f1f0
10589,f2f1f0
266441625,f2f1f0
12077,f2f1f0
12078,f2f1f0
12079,f2f1f0
12080,f2f1f0
266441629,f2f1f0
12081,f2f1f0
266441633,f2f1f0
12082,f2f1f0
12083,f2f1f0
12084,f2f1f0
15545,f2f1f0
12085,f2f1f0
10590,f2f1f0
10591,f2f1f0
12086,f2f1f0
12087,f2f1f0
12088,f2f1f0
12072,f2f1f0
12089,f2f1f0
266441637,f2f1f0
10592,f2f1f0
266441641,f2f1f0
266441645,f2f1f0
266441649,f2f1f0
13216,f2f1f0
266441653,f2f1f0
10593,f2f1f0
12090,f2f1f0
12091,f2f1f0
12092,f2f1f0
10594,f2f1f0
12093,f2f1f0
10595,f2f1f0
10596,f2f1f0
10597,f2f1f0
10598,f2f1f0
266441657,f2f1f0
10599,f2f1f0
10600,f2f1f0
12021,f2f1f0
10602,f2f1f0
10603,f2f1f0
10604,f2f1f0
266441661,f2f1f0
10605,f2f1f0
12100,f2f1f0
10608,f2f1f0
10609,f2f1f0
10610,f2f1f0
10611,f2f1f0
10612,f2f1f0
13217,f2f1f0
13218,f2f1f0
13219,f2f1f0
13220,f2f1f0
10613,f2f1f0
10614,f2f1f0
10615,f2f1f0
10616,f2f1f0
10617,f2f1f0
13341,f2f1f0
13342,f2f1f0
10618,f2f1f0
146034772,f2f1f0
146034776,f2f1f0
10619,f2f1f0
10620,f2f1f0
10621,f2f1f0
12107,f2f1f0
12108,f2f1f0
12109,f2f1f0
10622,f2f1f0
10623,f2f1f0
10624,f2f1f0
10625,f2f1f0
13221,f2f1f0
13222,f2f1f0
13223,f2f1f0
10626,f2f1f0
146034780,f2f1f0
10627,f2f1f0
10628,f2f1f0
10629,f2f1f0
12110,f2f1f0
10630,f2f1f0
146034784,f2f1f0
146034788,f2f1f0
13227,f2f1f0
13226,f2f1f0
12111,f2f1f0
146034792,f2f1f0
10631,f2f1f0
10632,f2f1f0
146034796,f2f1f0
146034800,f2f1f0
266441665,f2f1f0
146034804,f2f1f0
146034808,f2f1f0
146034812,f2f1f0
146034816,f2f1f0
10633,f2f1f0
10634,f2f1f0
146034820,f2f1f0
10635,f2f1f0
146034824,f2f1f0
146034828,f2f1f0
13343,f2f1f0
13344,f2f1f0
146034832,f2f1f0
10636,f2f1f0
146034836,f2f1f0
146034840,f2f1f0
146034844,f2f1f0
10637,f2f1f0
10638,f2f1f0
10639,f2f1f0
146034848,f2f1f0
10640,f2f1f0
13224,f2f1f0
13225,f2f1f0
146034852,f2f1f0
146034856,f2f1f0
146034860,f2f1f0
146034864,f2f1f0
146034868,f2f1f0
13228,f2f1f0
10641,f2f1f0
12112,f2f1f0
12113,ff0000
12114,ff0000
12115,ff0000
12116,ff0000
12117,ff0000
12118,ff0000
12119,ff0000
12120,ff0000
12121,ff0000
12122,ff0000
12123,ff0000
12124,ff0000
12125,ff0000
12126,ff0000
146034872,ff0000
12127,ff0000
12128,ff0000
146034876,ff0000
12129,ff0000
12130,ff0000
13229,ff0000
146034884,ff0000
146034888,ff0000
12131,f00000
12132,f00000
12133,f00000
12134,f00000
12135,f00000
12136,f00000
12137,f00000
12138,f00000
13230,f00000
12139,030000
12140,030000
12141,030000
12142,030000
12143,030000
146034892,030000
12144,030000
13231,030000
13232,030000
12145,030000
12146,030000
146034896,030000
12147,030000
12148,000900
12149,000900
146034900,000900
146034904,000900
12150,000900
12151,000900
12152,000900
12153,000900
12154,000900
12176,f2f1f0
12177,f2f1f0
12178,f2f1f0
12155,f2f1f0
12156,00c000
12157,00c000
12158,00c000
266441669,00c000
12159,f2f1f0
12160,f2f1f0
12161,f2f1f0
12162,00ff00
12163,00ff00
12164,00ff00
12165,00ff00
12166,00ff00
12167,00ff00
12168,00ff00
12169,00ff00
12170,00ff0f
12171,00ff0f
12172,00ff0f
12173,00ff0f
12174,00ff0f
12175,00ff0f
13233,00ff0f
266441673,00ff0f
266441677,f2f1f0
10642,f2f1f0
13234,f2f1f0
10643,f2f1f0
12179,f2f1f0
15546,f2f1f0
10645,f2f1f0
10646,f2f1f0
12180,f2f1f0
10647,f2f1f0
146034908,f2f1f0
12095,f2f1f0
10601,f2f1f0
10606,f2f1f0
12094,f2f1f0
12096,f2f1f0
12097,f2f1f0
10607,f2f1f0
12102,f2f1f0
12105,f2f1f0
12106,f2f1f0
12104,f2f1f0
12098,f2f1f0
12099,f2f1f0
266441681,f2f1f0
266441685,f2f1f0
10648,00ffc0
10649,00ffc0
12181,00ffc0
12182,00ffc0
12183,00ffc0
12184,00ffc0
12185,00ffc0
12186,00ffc0
12187,00ffc0
12188,00ffc0
12189,00ffc0
12190,00ffc0
12191,00ffc0
12192,00ffc0
12193,00ffc0
12195,00ffc0
12196,00ffc0
12197,00ffc0
12198,00ffc0
12199,00ffc0
12200,00ffc0
12201,00ffc0
12202,00ffc0
12204,00ffc0
12205,00ffc0
12206,00ffc0
13235,00ffc0
12207,00ffc0
12208,00ffc0
12209,00ffc0
12210,00ffc0
12211,00ffc0
12212,00ffc0
12213,00ffc0
12214,00ffc0
12215,00ffc0
12216,00ffc0
12217,00ffc0
12218,00ffc0
12219,00ffc0
12220,00ffc0
12221,00ffc0
12222,00ffc0
12223,00ffc0
12224,00ffc0
12225,00ffc0
12226,00ffc0
12227,00ffc0
12228,00ffc0
12229,00ffc0
12230,00ffc0
12231,00ffc0
12232,00ffc0
12233,00ffc0
12234,00ffc0
12235,00ffc0
12236,00ffc0
12237,00ffc0
12238,00ffc0
15547,00ffc0
12239,00ffc0
12240,00ffc0
12241,00ffc0
12242,00ffc0
12243,00ffc0
12244,00ffc0
12245,00ffc0
12246,00ffc0
15548,00ffc0
12247,00ffc0
12248,00ffc0
12249,00ffc0
12250,00ffc0
12251,00ffc0
12252,00ffc0
12253,00ffc0
12254,00ffc0
12255,00ffc0
12257,00ffc0
12259,00ffc0
146034938,00ffc0
12261,00ffc0
12262,00ffc0
12263,00ffc0
12264,00ffc0
12265,00ffc0
12270,00ffc0
12271,00ffc0
12272,00ffc0
12273,00ffc0
12274,00ffc0
12275,00ffc0
12276,00ffc0
12277,00ffc0
15549,00ffc0
15550,00ffc0
15551,00ffc0
12203,00ffc0
12278,00ffc0
13236,00ffc0
12279,00ffc0
12280,00ffc0
12281,00ffc0
15552,00ffc0
12282,00ffc0
12283,00ffc0
12284,00ffc0
12285,00ffc0
12286,00ffc0
12287,00ffc0
12288,00ffc0
15553,00ffc0
12289,00ffc0
12290,00ffc0
12291,00ffc0
12292,00ffc0
12293,00ffc0
12294,00ffc0
12295,00ffc0
12296,00ffc0
12297,00ffc0
12298,00ffc0
12299,00ffc0
12300,00ffc0
12301,00ffc0
12302,00ffc0
12303,00ffc0
12304,00ffc0
12305,00ffc0
12306,00ffc0
12307,00ffc0
12308,00ffc0
12309,00ffc0
266441689,00ffc0
12194,00ffc0
12310,00ffc0
12311,00ffc0
12312,00ffc0
12313,00ffc0
12101,00ffc0
12314,00ffc0
12315,00ffc0
12316,00ffc0
12317,00ffc0
12326,00ffc0
12319,00ffc0
12320,00ffc0
12321,00ffc0
12322,00ffc0
12323,00ffc0
12324,00ffc0
12325,00ffc0
12318,00ffc0
10650,00ffc0
12327,00ffc0
12328,00ffc0
12329,00ffc0
12330,00ffc0
12331,00ffc0
266441693,00ffc0
266441697,00ffc0
12332,00ffc0
266441701,00ffc0
12333,00ffc0
12335,00ffc0
12336,00ffc0
12337,00ffc0
12338,00ffc0
12339,00ffc0
12340,00ffc0
12341,00ffc0
12342,00ffc0
12343,00ffc0
12344,00ffc0
12345,00ffc0
12346,00ffc0
12347,00ffc0
12348,00ffc0
12349,00ffc0
12350,00ffc0
10567,00ffc0
12351,00ffc0
12334,00ffc0
12352,00ffc0
12353,00ffc0
12354,00ffc0
12355,00ffc0
12356,00ffc0
12357,00ffc0
12358,00ffc0
12359,00ffc0
12360,00ffc0
12361,00ffc0
12362,00ffc0
12363,00ffc0
12364,00ffc0
12365,00ffc0
12366,00ffc0
12367,00ffc0
12368,00ffc0
10651,00ffc0
12369,00ffc0
10652,00ffc0
12370,00ffc0
12371,00ffc0
12372,00ffc0
12373,00ffc0
12374,00ffc0
12375,00ffc0
12376,00ffc0
12377,00ffc0
12378,00ffc0
266441705,00ffc0
10653,f2f1f0
10654,f2f1f0
10655,f2f1f0
10656,f2f1f0
10657,f2f1f0
10658,f2f1f0
12379,f2f1f0
13237,f2f1f0
13238,f2f1f0
13239,f2f1f0
12380,f2f1f0
12381,f2f1f0
13240,f2f1f0
13241,f2f1f0
13242,f2f1f0
12382,f2f1f0
13243,f2f1f0
13244,f2f1f0
13245,f2f1f0
12383,f2f1f0
13246,f2f1f0
13247,f2f1f0
13248,f2f1f0
10659,f2f1f0
12384,f2f1f0
12385,f2f1f0
13249,f2f1f0
13250,f2f1f0
13251,f2f1f0
12386,f2f1f0
12387,f2f1f0
13252,f2f1f0
13253,f2f1f0
13254,f2f1f0
12388,f2f1f0
13255,f2f1f0
13256,f2f1f0
13257,f2f1f0
12389,f2f1f0
13258,f2f1f0
13259,f2f1f0
13260,f2f1f0
12390,f2f1f0
12391,f2f1f0
13261,f2f1f0
13262,f2f1f0
13263,f2f1f0
12392,f2f1f0
12393,f2f1f0
13264,f2f1f0
13265,f2f1f0
13266,f2f1f0
12394,f2f1f0
13267,f2f1f0
13268,f2f1f0
13269,f2f1f0
12395,f2f1f0
13270,f2f1f0
13271,f2f1f0
13272,f2f1f0
10660,f2f1f0
12396,f2f1f0
12397,f2f1f0
12398,f2f1f0
12399,f2f1f0
12400,f2f1f0
12401,f2f1f0
12402,f2f1f0
12403,f2f1f0
12404,f2f1f0
267499207,f2f1f0
10661,f2f1f0
12405,f2f1f0
12406,f2f1f0
12407,f2f1f0
12408,f2f1f0
12409,f2f1f0
12410,f2f1f0
12411,f2f1f0
12412,f2f1f0
12413,f2f1f0
12414,f2f1f0
12416,f2f1f0
12417,f2f1f0
12418,f2f1f0
12419,f2f1f0
12420,f2f1f0
12421,f2f1f0
12422,f2f1f0
12424,f2f1f0
15554,f2f1f0
12427,f2f1f0
12428,f2f1f0
12429,f2f1f0
12430,f2f1f0
12431,f2f1f0
12432,f2f1f0
12433,f2f1f0
12434,f2f1f0
12435,f2f1f0
12436,f2f1f0
12437,f2f1f0
12438,f2f1f0
12442,f2f1f0
12439,f2f1f0
12440,f2f1f0
12441,f2f1f0
12443,f2f1f0
12444,f2f1f0
12445,f2f1f0
12446,f2f1f0
12447,f2f1f0
12448,f2f1f0
12449,f2f1f0
12450,f2f1f0
12451,f2f1f0
12452,f2f1f0
12266,f2f1f0
146034960,f2f1f0
12267,f2f1f0
12268,f2f1f0
12269,f2f1f0
12453,f2f1f0
12454,f2f1f0
12455,f2f1f0
12456,f2f1f0
12457,f2f1f0
12458,f2f1f0
12459,f2f1f0
12460,f2f1f0
12461,f2f1f0
12462,f2f1f0
12464,f2f1f0
12465,f2f1f0
12466,f2f1f0
12467,f2f1f0
12468,f2f1f0
12469,f2f1f0
12470,f2f1f0
12463,f2f1f0
266441709,f2f1f0
12471,f2f1f0
12472,f2f1f0
12473,f2f1f0
12474,f2f1f0
12475,f2f1f0
12476,f2f1f0
12480,f2f1f0
12481,f2f1f0
12482,f2f1f0
12483,f2f1f0
12484,f2f1f0
12485,f2f1f0
12486,f2f1f0
12487,f2f1f0
12488,f2f1f0
12489,f2f1f0
12490,f2f1f0
12491,f2f1f0
12492,f2f1f0
12493,f2f1f0
12494,f2f1f0
12495,f2f1f0
12496,f2f1f0
12497,f2f1f0
15555,f2f1f0
12498,f2f1f0
12499,f2f1f0
12500,f2f1f0
12501,f2f1f0
12502,f2f1f0
12503,f2f1f0
12504,f2f1f0
12505,f2f1f0
15556,f2f1f0
12506,f2f1f0
146034964,f2f1f0
12507,f2f1f0
12508,f2f1f0
12509,f2f1f0
12510,f2f1f0
15557,f2f1f0
146034968,f2f1f0
12512,f2f1f0
12513,f2f1f0
12514,f2f1f0
12515,f2f1f0
12516,f2f1f0
12517,f2f1f0
12518,f2f1f0
12519,f2f1f0
12520,f2f1f0
12521,f2f1f0
146034972,f2f1f0
12522,f2f1f0
12523,f2f1f0
12524,f2f1f0
12525,f2f1f0
12526,f2f1f0
12527,f2f1f0
12425,f2f1f0
12528,f2f1f0
12529,f2f1f0
12530,f2f1f0
12531,f2f1f0
266441713,f2f1f0
12534,f2f1f0
12662,f2f1f0
10662,f2f1f0
12535,f2f1f0
12536,f2f1f0
12537,f2f1f0
12538,f2f1f0
12539,f2f1f0
12540,f2f1f0
12541,f2f1f0
12542,f2f1f0
12543,f2f1f0
12545,f2f1f0
12546,f2f1f0
12547,f2f1f0
12548,f2f1f0
12549,f2f1f0
12544,f2f1f0
12550,f2f1f0
12551,f2f1f0
12552,f2f1f0
12553,f2f1f0
12554,f2f1f0
12555,f2f1f0
15558,f2f1f0
15559,f2f1f0
12556,f2f1f0
12557,f2f1f0
12558,f2f1f0
12559,f2f1f0
12560,f2f1f0
12561,f2f1f0
12562,f2f1f0
12563,f2f1f0
12564,f2f1f0
12565,f2f1f0
12566,f2f1f0
12567,f2f1f0
12568,f2f1f0
12569,f2f1f0
12570,f2f1f0
12571,f2f1f0
12572,f2f1f0
12573,f2f1f0
12574,f2f1f0
12575,f2f1f0
12576,f2f1f0
12577,f2f1f0
12578,f2f1f0
12579,f2f1f0
12580,f2f1f0
12581,f2f1f0
12582,f2f1f0
12583,f2f1f0
12584,f2f1f0
12585,f2f1f0
12586,f2f1f0
12587,f2f1f0
12588,f2f1f0
12589,f2f1f0
12590,f2f1f0
12591,f2f1f0
12592,f2f1f0
12593,f2f1f0
12594,f2f1f0
12595,f2f1f0
12596,f2f1f0
12597,f2f1f0
12598,f2f1f0
12599,f2f1f0
12600,f2f1f0
12601,f2f1f0
12602,f2f1f0
12603,f2f1f0
12604,f2f1f0
12605,f2f1f0
12606,f2f1f0
12607,f2f1f0
12608,f2f1f0
12609,f2f1f0
12610,f2f1f0
12611,f2f1f0
12612,f2f1f0
12613,f2f1f0
12614,f2f1f0
12615,f2f1f0
12616,f2f1f0
12617,f2f1f0
12620,f2f1f0
12621,f2f1f0
12622,f2f1f0
12623,f2f1f0
12624,f2f1f0
12625,f2f1f0
12631,f2f1f0
12629,f2f1f0
12626,f2f1f0
12627,f2f1f0
12628,f2f1f0
12630,f2f1f0
12632,f2f1f0
12634,f2f1f0
12635,f2f1f0
12636,f2f1f0
12637,f2f1f0
266441717,f2f1f0
12639,f2f1f0
12640,f2f1f0
12618,f2f1f0
12619,f2f1f0
12641,f2f1f0
12642,f2f1f0
12643,f2f1f0
12644,f2f1f0
146034978,f2f1f0
12645,f2f1f0
15560,f2f1f0
146034982,f2f1f0
12646,f2f1f0
12647,f2f1f0
146034986,f2f1f0
15561,f2f1f0
146034990,f2f1f0
12648,f2f1f0
12649,f2f1f0
12650,f2f1f0
146034994,f2f1f0
146034998,f2f1f0
12651,f2f1f0
12652,f2f1f0
12653,f2f1f0
12654,f2f1f0
12655,f2f1f0
12656,f2f1f0
12657,f2f1f0
12658,f2f1f0
12659,f2f1f0
12660,f2f1f0
12661,f2f1f0
12663,f2f1f0
10663,f2f1f0
13345,f2f1f0
13346,f2f1f0
13347,f2f1f0
13348,f2f1f0
13349,f2f1f0
13350,f2f1f0
13351,f2f1f0
13352,f2f1f0
13353,f2f1f0
13354,f2f1f0
13355,f2f1f0
13356,f2f1f0
13357,f2f1f0
13358,f2f1f0
13359,f2f1f0
13360,f2f1f0
13361,f2f1f0
13362,f2f1f0
13363,f2f1f0
13364,f2f1f0
13365,f2f1f0
13366,f2f1f0
13367,f2f1f0
13368,f2f1f0
13369,f2f1f0
13370,f2f1f0
13371,f2f1f0
13372,f2f1f0
13373,f2f1f0
13374,f2f1f0
13375,f2f1f0
13376,f2f1f0
13377,f2f1f0
13378,f2f1f0
12698,f2f1f0
12701,f2f1f0
12700,f2f1f0
12981,f2f1f0
12982,f2f1f0
12699,f2f1f0
12716,f2f1f0
12717,f2f1f0
12718,f2f1f0
12664,f2f1f0
12665,f2f1f0
12666,f2f1f0
12667,f2f1f0
12668,f2f1f0
12669,f2f1f0
12670,f2f1f0
12671,f2f1f0
12672,f2f1f0
12673,f2f1f0
12674,f2f1f0
12675,f2f1f0
12676,f2f1f0
12677,f2f1f0
10664,f2f1f0
10665,f2f1f0
12702,f2f1f0
10666,f2f1f0
12703,f2f1f0
10667,f2f1f0
12704,f2f1f0
12705,f2f1f0
12706,f2f1f0
12707,f2f1f0
12708,f2f1f0
12709,f2f1f0
12710,f2f1f0
12711,f2f1f0
12712,f2f1f0
12713,f2f1f0
12714,f2f1f0
12715,f2f1f0
12722,f2f1f0
12723,f2f1f0
12724,f2f1f0
12725,f2f1f0
12694,f2f1f0
12695,f2f1f0
12696,f2f1f0
12697,f2f1f0
12682,f2f1f0
12684,f2f1f0
12685,f2f1f0
12686,f2f1f0
12687,f2f1f0
12688,f2f1f0
12689,f2f1f0
12690,f2f1f0
12691,f2f1f0
12692,f2f1f0
12693,f2f1f0
12683,f2f1f0
12678,f2f1f0
12679,f2f1f0
12680,f2f1f0
12681,f2f1f0
12719,f2f1f0
12720,f2f1f0
12721,f2f1f0
12726,f2f1f0
12727,f2f1f0
10668,f2f1f0
12728,f2f1f0
12729,f2f1f0
12730,f2f1f0
266441721,f2f1f0
12731,f2f1f0
12732,f2f1f0
12733,f2f1f0
12734,f2f1f0
12735,f2f1f0
12736,f2f1f0
12737,f2f1f0
12738,f2f1f0
12739,f2f1f0
15562,f2f1f0
12740,f2f1f0
12741,f2f1f0
12742,f2f1f0
12743,f2f1f0
12744,f2f1f0
12745,f2f1f0
12746,f2f1f0
12747,f2f1f0
12748,f2f1f0
12749,f2f1f0
12750,f2f1f0
12751,f2f1f0
12752,f2f1f0
12753,f2f1f0
12754,f2f1f0
12755,f2f1f0
12756,f2f1f0
12757,f2f1f0
12758,f2f1f0
12759,f2f1f0
12760,f2f1f0
12761,f2f1f0
12762,f2f1f0
12763,f2f1f0
12764,f2f1f0
12765,f2f1f0
12766,f2f1f0
12767,f2f1f0
12768,f2f1f0
12769,f2f1f0
12770,f2f1f0
12771,f2f1f0
12772,f2f1f0
12773,f2f1f0
12774,f2f1f0
12775,f2f1f0
12776,f2f1f0
12777,f2f1f0
12778,f2f1f0
12779,f2f1f0
12780,f2f1f0
12781,f2f1f0
12782,f2f1f0
12783,f2f1f0
12784,f2f1f0
12785,f2f1f0
12786,f2f1f0
12787,f2f1f0
12788,f2f1f0
12789,f2f1f0
12790,f2f1f0
12791,f2f1f0
12792,f2f1f0
12793,f2f1f0
12822,f2f1f0
12794,f2f1f0
12795,f2f1f0
12796,f2f1f0
12797,f2f1f0
266441725,f2f1f0
12798,f2f1f0
12799,f2f1f0
12800,f2f1f0
12801,f2f1f0
12802,f2f1f0
12803,f2f1f0
12804,f2f1f0
10669,f2f1f0
12805,f2f1f0
12806,f2f1f0
12810,f2f1f0
12813,f2f1f0
12826,f2f1f0
10670,f2f1f0
12827,00ffff
12828,00ffff
12829,00ffff
12830,00ffff
266441729,00ffff
12831,00ffff
12832,00ffff
12833,00ffff
266441733,00ffff
12834,00ffff
146035004,00ffff
12835,00ffff
12836,00ffff
12837,00ffff
12838,00ffff
12839,00ffff
12840,00ffff
12841,00ffff
12842,00ffff
12843,00ffff
12844,00ffff
12845,00ffff
12846,00ffff
12847,00ffff
12848,00ffff
12849,00ffff
12850,00ffff
12851,00ffff
12852,00ffff
12853,00ffff
12856,0fffff
12857,0fffff
146035008,0fffff
12858,0fffff
12859,0fffff
12860,0fffff
12861,0fffff
12862,0fffff
12863,0fffff
12864,0fffff
12865,0fffff
12866,0fffff
12867,0fffff
12868,0fffff
12870,0fffff
12869,0fffff
12871,0fffff
146035012,0fffff
12807,0fffff
12808,0fffff
12814,0fffff
12815,0fffff
12816,0fffff
12817,0fffff
12818,0fffff
12809,0fffff
12819,0fffff
12820,0fffff
12811,0fffff
12821,0fffff
12812,0fffff
12823,0fffff
12824,0fffff
12825,0fffff
12872,c0ffff
12873,c0ffff
12874,c0ffff
12875,c0ffff
12876,c0ffff
12877,c0ffff
12878,c0ffff
12879,c0ffff
12880,c0ffff
12881,c0ffff
12882,c0ffff
12883,c0ffff
12884,c0ffff
12885,c0ffff
12886,c0ffff
12887,c0ffff
12888,c0ffff
12889,c0ffff
266441737,f2f1f0
12890,f2f1f0
146035048,f2f1f0
146035052,f2f1f0
146035056,f2f1f0
146035060,f2f1f0
146035064,f2f1f0
146035068,f2f1f0
146035072,f2f1f0
146035076,f2f1f0
146035080,f2f1f0
146035084,f2f1f0
146035088,f2f1f0
146035092,f2f1f0
146035096,f2f1f0
146035100,f2f1f0
146035104,f2f1f0
146035108,f2f1f0
146035112,f2f1f0
146035116,f2f1f0
146035120,f2f1f0
146035124,f2f1f0
266441741,f2f1f0
